"Index","Item ID","Title","Layer","Class","Status","WIP","Assignee","Tested","Prerequisites","Code Location","Notes"
"29","RI-001","app/repositories/user_repository.py","repository","User","Done","","inamonanymous","Not Tested","","app/repositories/user_repository.py","Interface / base patterns"
"30","RI-002","app/repositories/category_repository.py","repository","Category","Done","","inamonanymous","Not Tested","","app/repositories/category_repository.py","Interface / base patterns"
"31","RI-003","app/repositories/expense_repository.py","repository","Expense","Done","","inamonanymous","Not Tested","","app/repositories/expense_repository.py","Interface / base patterns"
"32","RI-004","app/repositories/income_repository.py","repository","Income","Done","","inamonanymous","Not Tested","","app/repositories/income_repository.py","Interface / base patterns"
"33","RI-005","app/repositories/debt_repository.py","repository","Debt","Done","","inamonanymous","Not Tested","","app/repositories/debt_repository.py","Interface / base patterns"
"34","RI-006","app/repositories/debt_payments_repository.py","repository","DebtPayment","Done","","inamonanymous","Not Tested","","app/repositories/debt_payments_repository.py","Interface / base patterns"
"35","RI-007","app/repositories/saving_goal_repository.py","repository","SavingGoal","Done","","inamonanymous","Not Tested","","app/repositories/saving_goal_repository.py","Interface / base patterns"
"36","RI-008","app/repositories/saving_transactions_repository.py","repository","SavingTransaction","Done","","inamonanymous","Not Tested","","app/repositories/saving_transactions_repository.py","Interface / base patterns"
"37","RI-009","app/repositories/repository.py","repository","Base repository","Done","","inamonanymous","Not Tested","","app/repositories/repository.py","Base repository pattern"
"38","R-IMPL-001","app/persistence/repositories/user_repository_impl.py","repository","User","Done","","inamonanymous","Not Tested","","app/persistence/repositories/user_repository_impl.py","ORM-backed implementation"
"39","R-IMPL-002","app/persistence/repositories/category_repository_impl.py","repository","Category","Done","","inamonanymous","Not Tested","","app/persistence/repositories/category_repository_impl.py","ORM-backed implementation"
"40","R-IMPL-003","app/persistence/repositories/expense_repository_impl.py","repository","Expense","Done","","inamonanymous","Not Tested","","app/persistence/repositories/expense_repository_impl.py","ORM-backed implementation"
"41","R-IMPL-004","app/persistence/repositories/income_repository_impl.py","repository","Income","Done","","inamonanymous","Not Tested","","app/persistence/repositories/income_repository_impl.py","ORM-backed implementation"
"42","R-IMPL-005","app/persistence/repositories/debt_repository_impl.py","repository","Debt","Done","","inamonanymous","Not Tested","","app/persistence/repositories/debt_repository_impl.py","ORM-backed implementation"
"43","R-IMPL-006","app/persistence/repositories/debt_payment_repository_impl.py","repository","DebtPayment","Done","","inamonanymous","Not Tested","","app/persistence/repositories/debt_payment_repository_impl.py","ORM-backed implementation"
"44","R-IMPL-007","app/persistence/repositories/saving_goal_repository_impl.py","repository","SavingGoal","Done","","inamonanymous","Not Tested","","app/persistence/repositories/saving_goal_repository_impl.py","ORM-backed implementation"
"45","R-IMPL-008","app/persistence/repositories/saving_transactions_repository_impl.py","repository","SavingTransaction","Done","","inamonanymous","Not Tested","","app/persistence/repositories/saving_transactions_repository_impl.py","ORM-backed implementation"
"46","UOW-001","UOW-001","repository","","Done","","inamonanymous","Not Tested","","app/persistence/unit_of_work.py","Provides repositories and transaction scope"
